ID,Name,Position,ADP,Team,,Instructions
1109979,Ja'Marr Chase,WR,1.1826332,CIN,,1. Rank players in column A and B in order of how you would like them to appear in your pre-draft rankings.
1228244,Bijan Robinson,RB,2.4883077,ATL,,2. Note: The ID in column A is what will determine the order of the pre-draft rankings. Remember to keep these next to the corresponding player. You must include an ID for each player; you cannot use just the player's name.
883302,Saquon Barkley,RB,3.5106647,PHI,,3. Upload as a CSV file and save ranking.
1062020,CeeDee Lamb,WR,4.2176685,DAL
1214154,Jahmyr Gibbs,RB,4.540002,DET
1069535,Justin Jefferson,WR,6.664936,MIN
830517,Christian McCaffrey,RB,6.737343,SF
1074698,Nico Collins,WR,8.90673,HOU
732145,Derrick Henry,RB,9.533971,BAL
1286059,Malik Nabers,WR,10.183942,NYG
1127106,Amon-Ra St. Brown,WR,11.394783,DET
1379646,Ashton Jeanty,RB,12.278349,LV
1162128,Puka Nacua,WR,13.578168,LAR
1286064,Brian Thomas Jr.,WR,14.5587435,JAX
1123379,Chase Brown,RB,15.538771,CIN
1178741,Drake London,WR,16.095942,ATL
1065406,Jonathan Taylor,RB,17.406971,IND
1285917,Brock Bowers,TE,18.985836,LV
1287923,Bucky Irving,RB,19.474665,TB
1231820,De'Von Achane,RB,20.703444,MIA
944416,Josh Jacobs,RB,20.902483,GB
944826,A.J. Brown,WR,21.794537,PHI
1218643,Ladd McConkey,WR,23.151974,LAC
868199,Josh Allen,QB,24.08231,BUF
1108161,Trey McBride,TE,26.323832,ARI
978579,Tee Higgins,WR,27.061584,CIN
877745,Lamar Jackson,QB,27.259884,BAL
1167361,Kyren Williams,RB,27.85874,LAR
1398572,Omarion Hampton,RB,30.080389,LAC
1214087,Jaxon Smith-Njigba,WR,30.896542,SEA
593587,Mike Evans,WR,31.59637,TB
1131012,James Cook,RB,32.550423,BUF
1161228,Jayden Daniels,QB,33.942005,WAS
1287837,TreVeyon Henderson,RB,34.877094,NE
823156,Tyreek Hill,WR,35.810287,MIA
733672,George Kittle,TE,36.094543,SF
836116,Terry McLaurin,WR,36.3424,WAS
1287828,Marvin Harrison Jr.,WR,38.899967,ARI
1326638,Xavier Worthy,WR,40.030666,KC
1164402,Kenneth Walker III,RB,41.311558,SEA
913271,Jalen Hurts,QB,42.081947,PHI
611417,Davante Adams,WR,42.526993,LAR
878785,Joe Burrow,QB,43.562958,CIN
1380576,Tetairoa McMillan,WR,43.694622,CAR
1164889,Garrett Wilson,WR,44.48336,NYJ
750846,Alvin Kamara,RB,45.34356,NO
838878,Courtland Sutton,WR,46.176937,DEN
1172053,George Pickens,WR,47.86593,DAL
1175184,Jameson Williams,WR,50.26198,DET
1287825,Emeka Egbuka,WR,51.128212,TB
1162537,Breece Hall,RB,51.617268,NYJ
1062047,Chuba Hubbard,RB,52.106567,CAR
945633,DK Metcalf,WR,53.10014,PIT
877790,DJ Moore,WR,54.320557,CHI
742390,James Conner,RB,55.869335,ARI
1161416,Ricky Pearsall,WR,56.495453,SF
1060262,DeVonta Smith,WR,57.770596,PHI
884013,Calvin Ridley,WR,58.05512,TEN
1172401,RJ Harvey,RB,60.211754,DEN
880398,Tony Pollard,RB,60.934326,TEN
1177053,Zay Flowers,WR,61.488968,BAL
1125749,Jaylen Waddle,WR,63.285366,MIA
1069808,D'Andre Swift,RB,64.24089,CHI
1379267,Matthew Golden,WR,64.828224,GB
1106832,Isiah Pacheco,RB,65.522224,KC
1399275,Travis Hunter,WR,66.846725,JAX
1168926,Sam LaPorta,TE,67.09424,DET
835749,Deebo Samuel Sr.,WR,69.02364,WAS
1173538,Rashee Rice,WR,71.09384,KC
1213727,Rome Odunze,WR,71.530975,CHI
946739,David Montgomery,RB,71.834045,DET
839031,Patrick Mahomes,QB,71.92535,KC
973935,Jerry Jeudy,WR,72.81115,CLE
1229083,Tyler Warren,TE,74.41884,IND
741314,Aaron Jones Sr.,RB,75.26358,MIN
694041,Stefon Diggs,WR,76.786514,NE
448240,Travis Kelce,TE,77.94328,KC
1122592,Chris Olave,WR,78.183044,NO
748070,Baker Mayfield,QB,78.605774,TB
880151,Jakobi Meyers,WR,81.1847,LV
1109708,Tyrone Tracy Jr.,RB,81.46364,NYG
1191186,Jacory Croskey-Merritt,RB,83.561424,WAS
1161899,Bo Nix,QB,83.89594,DEN
923915,T.J. Hockenson,TE,85.01988,MIN
698227,Cooper Kupp,WR,87.48507,SEA
591816,Dak Prescott,QB,88.029274,DAL
1116001,Jordan Mason,RB,88.60806,MIN
1176443,Jaylen Warren,RB,89.44026,PIT
1381902,Kaleb Johnson,RB,90.3107,PIT
1322431,Keon Coleman,WR,90.50133,BUF
1214250,Jordan Addison,WR,91.01145,MIN
867009,Jauan Jennings,WR,91.39743,SF
1130603,Khalil Shakir,WR,94.219025,BUF
1164530,Zach Charbonnet,RB,94.62669,SEA
749185,Evan Engram,TE,94.72271,DEN
911348,Michael Pittman Jr.,WR,96.49109,IND
820699,Mark Andrews,TE,97.01396,BAL
879799,Kyler Murray,QB,97.67374,ARI
976513,J.K. Dobbins,RB,100.62062,DEN
978577,Travis Etienne Jr.,RB,100.97434,JAX
1121761,Brock Purdy,QB,101.30504,SF
832098,David Njoku,TE,101.6195,CLE
1215077,Josh Downs,WR,104.16396,IND
727837,Jared Goff,QB,104.78895,DET
557210,Keenan Allen,WR,107.04709,LAC
1107881,Javonte Williams,RB,109.14846,DAL
1378821,Colston Loveland,TE,109.75238,CHI
1181874,Tucker Kraft,TE,110.34243,GB
1110681,Justin Fields,QB,110.46028,NYJ
835127,Chris Godwin Jr.,WR,110.77581,TB
822857,Nick Chubb,RB,112.78599,HOU
1286445,Caleb Williams,QB,113.026405,CHI
790004,Austin Ekeler,RB,113.508095,WAS
1286803,Drake Maye,QB,114.75322,NE
923412,Rashid Shaheed,WR,116.10313,NO
865801,Christian Kirk,WR,117.94489,HOU
1123398,Jayden Reed,WR,119.23104,GB
1274492,Jayden Higgins,WR,119.56173,HOU
1280316,Cam Skattebo,RB,120.53432,NYG
910562,Justin Herbert,QB,121.22275,LAC
1325231,Braelon Allen,RB,122.97597,NYJ
1213799,Marvin Mims Jr.,WR,123.01452,DEN
1108208,Rashod Bateman,WR,123.99483,BAL
1287599,J.J. McCarthy,QB,124.30392,MIN
912027,Darnell Mooney,WR,125.740654,ATL
1123026,Kyle Pitts Sr.,TE,126.1453,ATL
1214084,C.J. Stroud,QB,127.176186,HOU
912137,Jordan Love,QB,127.53355,GB
973966,Brian Robinson Jr.,RB,128.36032,SF
1377766,Ollie Gordon II,RB,130.35628,MIA
1135513,Dalton Kincaid,TE,131.69495,BUF
1110711,Trevor Lawrence,QB,131.8381,JAX
1215035,Tank Bigsby,RB,133.17319,JAX
1383807,Quinshon Judkins,RB,134.92506,CLE
1065361,Jake Ferguson,TE,135.0044,DAL
1377732,Luther Burden III,WR,136.95555,CHI
1174682,Rhamondre Stevenson,RB,138.97636,NE
1107478,Michael Penix Jr.,QB,139.26471,ATL
733643,Adam Thielen,WR,139.88356,MIN
791365,Dallas Goedert,TE,140.63724,PHI
1378898,Jaydon Blue,RB,142.0371,DAL
820727,Joe Mixon,RB,143.18379,HOU
1248031,Trey Benson,RB,144.72675,ARI
1327169,Bhayshul Tuten,RB,145.29385,JAX
503177,Zach Ertz,TE,146.25566,WAS
973947,Tua Tagovailoa,QB,146.59666,MIA
1175693,DeMario Douglas,WR,147.72594,NE
1213257,Bryce Young,QB,149.65767,CAR
1399910,Dylan Sampson,RB,149.95836,CLE
1059612,Joshua Palmer,WR,150.45618,BUF
1107034,Brandon Aiyuk,WR,151.5294,SF
1228691,Cam Ward,QB,152.49542,TEN
1122653,Romeo Doubs,WR,152.69011,GB
973964,Najee Harris,RB,153.40417,LAC
1164940,Brenton Strange,TE,156.03488,JAX
1124664,Cedric Tillman,WR,156.25117,CLE
1165229,Ray Davis,RB,158.79955,BUF
1286164,Dont'e Thornton Jr.,WR,159.07745,LV
1180321,Xavier Legette,WR,159.36443,CAR
1125737,Jerome Ford,RB,159.52106,CLE
513856,Geno Smith,QB,159.71935,LV
1441362,Isaac TeSlaa,WR,162.81819,DET
744425,Hunter Henry,TE,163.07295,NE
323205,Matthew Stafford,QB,163.81046,LAR
976220,Hollywood Brown,WR,164.70195,KC
1229343,Rachaad White,RB,164.71074,TB
880026,Sam Darnold,QB,167.4147,SEA
1131198,Tyler Allgeier,RB,167.96487,ATL
1164875,Wan'Dale Robinson,WR,168.86263,NYG
1106374,Chig Okonkwo,TE,169.16368,TEN
1214633,Tre' Harris,WR,171.43893,LAC
1231652,Woody Marks,RB,173.55966,HOU
1125111,Isaiah Likely,TE,174.26341,BAL
933480,Rico Dowdle,RB,175.74849,CAR
743749,Jonnu Smith,TE,176.36618,PIT
1227157,Kyle Williams,WR,178.45277,NE
650914,Amari Cooper,WR,178.83589,LV
1287636,Will Shipley,RB,179.87845,PHI
213957,Aaron Rodgers,QB,180.69472,PIT
1169430,Tyjae Spears,RB,180.82213,TEN
1381263,Mason Taylor,TE,184.06743,NYJ
1049263,Cade Otton,TE,184.41524,TB
746613,Kareem Hunt,RB,185.5409,KC
1213865,Quentin Johnston,WR,186.12183,LAC
1113403,Chris Rodriguez Jr.,RB,186.3778,WAS
1107027,Alec Pierce,WR,186.46556,IND
1395319,Elic Ayomanor,WR,186.90471,TEN
1305866,Pat Bryant,WR,188.9333,DEN
879981,Daniel Jones,QB,189.30261,IND
1222789,Keaton Mitchell,RB,191.62152,BAL
836152,Mike Gesicki,TE,192.56224,CIN
1286260,Jaxson Dart,QB,193.04999,NYG
1223393,Tory Horton,WR,195.55676,SEA
560241,DeAndre Hopkins,WR,197.20433,BAL
923109,Justice Hill,RB,199.12741,BAL
605242,Tyler Lockett,WR,199.4044,TEN
1303569,DJ Giddens,RB,200.25465,IND
1286176,Troy Franklin,WR,201.08371,DEN
1326628,Ja'Tavion Sanders,TE,201.55144,CAR
600191,Darren Waller,TE,201.61714,MIA
1124851,Andrei Iosivas,WR,203.97224,CIN
880557,Darius Slayton,WR,206.40509,NYG
1228730,Tahj Brooks,RB,206.43706,CIN
1126338,Isaac Guerendo,RB,207.24017,SF
1123529,Michael Wilson,WR,207.37943,ARI
1229540,Blake Corum,RB,207.52313,LAR
401534,Russell Wilson,QB,208.4485,NYG
1218753,Jalen Coker,WR,209.45506,CAR
1394752,Harold Fannin Jr.,TE,209.89343,CLE
1116662,Pat Freiermuth,TE,210.10635,PIT
216342,Joe Flacco,QB,210.97908,CLE
1214414,Theo Johnson,TE,211.06818,NYG
1213726,Jalen McMillan,WR,212.77855,TB
1286840,Elijah Arroyo,TE,213.59613,SEA
1215022,Anthony Richardson Sr.,QB,214.30882,IND
1213867,Kendre Miller,RB,214.95561,NO
867759,Ray-Ray McCloud III,WR,215.73805,ATL
830523,Dalton Schultz,TE,215.90257,HOU
1286046,Jack Bech,WR,215.92137,LV
1250886,Kyle Monangai,RB,216.2407,CHI
1173255,Malik Washington,WR,216.69734,MIA
1108998,Dameon Pierce,RB,217.73161,HOU
1163265,Roschon Johnson,RB,219.49042,CHI
1062765,Calvin Austin III,WR,219.594,PIT
1286513,Jaylen Wright,RB,219.84297,MIA
884609,Juwan Johnson,TE,221.56273,NO
1107878,Dyami Brown,WR,222.1572,JAX
1286370,Jaylin Noel,WR,222.64407,HOU
1166235,Sincere McCormick,RB,223.14185,SF
1228633,Sean Tucker,RB,223.28055,TB
1174752,Spencer Rattler,QB,223.42995,NO
604176,Tyler Higbee,TE,223.61754,LAR
1313668,Brashard Smith,RB,223.64375,KC
828743,Deshaun Watson,QB,224.65736,CLE
590796,Ameer Abdullah,RB,224.84824,SF
606501,Raheem Mostert,RB,225.07301,LV
1229669,Roman Wilson,WR,225.13487,PIT
1126817,Jalen Nailor,WR,225.17867,MIN
835909,JuJu Smith-Schuster,WR,225.24774,KC
935104,Khalil Herbert,RB,225.24998,IND
1167356,Craig Reynolds,RB,225.32124,DET
501150,Kyle Juszczyk,RB,225.52698,SF
1377751,Damien Martinez,RB,225.66667,SEA
1213636,Xavier Hutchinson,WR,225.67532,HOU
1164846,Luke McCaffrey,WR,225.68967,WAS
1271738,Jaleel McLaughlin,RB,225.70416,DEN
822008,DJ Chark,WR,225.71176,ATL
1116817,Emari Demercado,RB,225.7262,ARI
1060545,A.J. Dillon,RB,225.76007,PHI
742382,Marquez Valdes-Scantling,WR,225.80066,SF
1322393,Jimmy Horn Jr.,WR,225.80595,CAR
1059576,Ty Chandler,RB,225.8485,MIN
838179,Tim Patrick,WR,225.85326,JAX
1121050,Jake Bobo,WR,225.86165,SEA
866578,Scotty Miller,WR,225.90405,PIT
1128222,Tank Dell,WR,225.9101,HOU
1066424,Jalen Tolbert,WR,225.91237,DAL
883976,Olamide Zaccheaus,WR,225.94815,CHI
1231033,LaJohntay Wester,WR,225.9517,BAL
692660,Kalif Raymond,WR,225.95842,DET
1121878,Jahan Dotson,WR,225.97556,PHI
837594,Jeremy McNichols,RB,226.01033,WAS
916466,Devin Singletary,RB,226.02196,NYG
702808,Mack Hollins,WR,226.02446,NE
589984,Odell Beckham Jr.,WR,226.02463,FA
691278,Sterling Shepard,WR,226.02823,TB
913170,Zack Moss,RB,226.0556,CIN
1285895,Raheim Sanders,RB,226.0622,LAC
1176730,Skyy Moore,WR,226.07744,SF
1125846,Julius Chestnut,RB,226.0798,TEN
1216288,Efton Chism III,WR,226.12163,NE
690153,Cordarrelle Patterson,RB,226.125,PIT
924261,Miles Sanders,RB,226.1328,DAL
555693,Robert Woods,WR,226.1442,PIT
1378840,LeQuint Allen Jr.,RB,226.15785,JAX
1233127,Frank Gore Jr.,RB,226.15987,BUF
1175504,Ian Wheeler,RB,226.1739,CHI
1214183,Xavier Restrepo,WR,226.2222,TEN
976251,Cam Akers,RB,226.2314,NO
1214837,Tez Johnson,WR,226.23822,TB
1229673,Kalel Mullings,RB,226.2657,TEN
1232892,Jalin Hyatt,WR,226.2921,NYG
1110306,Tyler Shough,QB,226.29388,NO
836103,Noah Brown,WR,226.30603,WAS
1215305,Mitchell Tinsley,WR,226.31297,CIN
754412,Kendrick Bourne,WR,226.32202,NE
821389,Curtis Samuel,WR,226.35205,BUF
837958,Allen Lazard,WR,226.35323,NYJ
607864,Brandin Cooks,WR,226.3572,NO
1285915,Jackson Meeks,WR,226.3827,DET
976761,Gabe Davis,WR,226.40103,FA
1160348,John Metchie III,WR,226.40771,PHI
1050833,Elijah Mitchell,RB,226.46007,KC
884080,Van Jefferson,WR,226.56851,TEN
973949,Tyrell Shavers,WR,226.5759,BUF
1110697,Zamir White,RB,226.60037,LV
703015,Dare Ogunbowale,RB,226.6157,HOU
1289332,Konata Mumpfield,WR,226.6538,LAR
1168918,Tyler Goodson,RB,226.6903,IND
1222835,Jordan Watkins,WR,226.72131,SF
1067132,Charlie Jones,WR,226.7232,CIN
1321291,Audric Estime,RB,226.7778,DEN
1130230,Hassan Haskins,RB,226.8,LAC
1107826,Antonio Gibson,RB,226.82454,NE
728338,Ezekiel Elliott,RB,226.8629,FA
1287566,Donovan Edwards,RB,226.9266,WAS
1124338,Tyler Badie,RB,226.9406,DEN
865958,KaVontae Turpin,WR,227.0549,DAL
1319219,Carson Steele,RB,227.0962,KC
1287587,Tai Felton,WR,227.1163,MIN
1173391,Terique Owens,WR,227.1313,SF
910852,Greg Dortch,WR,227.16788,ARI
1165650,Nick Nash,WR,227.1757,ATL
592195,Teddy Bridgewater,QB,227.19044,TB
822350,Kyle Allen,QB,227.23529,DET
1213362,Kayshon Boutte,WR,227.28969,NE
976966,Hendon Hooker,QB,227.2956,CAR
1398503,Isaiah Bond,WR,227.3027,CLE
1049915,David Moore,WR,227.33199,CAR
1215291,Malachi Corley,WR,227.3571,CLE
1214689,Jaylin Lane,WR,227.38574,WAS
834195,Jeff Wilson Jr.,RB,227.3871,SF
1069763,Stetson Bennett IV,QB,227.4382,LAR
865868,Jarrett Stidham,QB,227.52,DEN
1285908,Adonai Mitchell,WR,227.52031,IND
1213872,Savion Williams,WR,227.52634,GB
1164979,Tre Tucker,WR,227.62285,LV
691536,Jameis Winston,QB,227.63112,NYG
1214405,KeAndre Lambert-Smith,WR,227.66042,LAC
881670,Lucky Jackson,WR,227.6628,MIN
1128783,Elijah Moore,WR,227.67882,BUF
882345,Drew Lock,QB,227.69228,SEA
1106760,Tutu Atwell,WR,227.74379,LAR
841649,Hunter Renfrow,WR,227.82338,CAR
1166036,Ashton Dulin,WR,227.8261,IND
976323,Malik Willis,QB,227.90318,GB
1110301,Tyquan Thornton,WR,227.90567,KC
1293066,Devin Neal,RB,227.91772,NO
1319185,Jarquez Hunter,RB,227.93369,LAR
867303,Gardner Minshew II,QB,227.9503,KC
1447759,Emanuel Wilson,RB,228.0107,GB
1130705,Kenneth Gainwell,RB,228.09651,PIT
1403491,Jalen Royals,WR,228.09785,KC
1172428,Dontayvion Wicks,WR,228.12088,GB
1168245,Sam Howell,QB,228.1897,PHI
757521,KhaDarel Hodge,WR,228.2,ATL
1272321,Shedeur Sanders,QB,228.21342,CLE
1164788,Devaughn Vele,WR,228.24567,NO
883259,Nick Westbrook-Ikhine,WR,228.25436,MIA
1169329,Max Brosmer,QB,228.2667,MIN
1333868,Quinn Ewers,QB,228.2762,MIA
1130975,Trey Lance,QB,228.32237,LAC
823220,Mason Rudolph,QB,228.33978,PIT
1290102,Jalen Milroe,QB,228.4808,SEA
1179790,Luke Musgrave,TE,228.48236,GB
746491,Zay Jones,WR,228.4956,ARI
861278,Tyler Conklin,TE,228.49614,LAC
891115,Diontae Johnson,WR,228.5263,CLE
975503,Jelani Woods,TE,228.5682,NYJ
1400657,Jordan James,RB,228.614,SF
884083,Dawson Knox,TE,228.61511,BUF
1290100,Ja'Corey Brooks,WR,228.6279,WAS
1056865,Stone Smartt,TE,228.6589,NYJ
1127065,Chris Brooks,RB,228.6859,GB
1066765,Cole Kmet,TE,228.6908,CHI
1161853,Elijah Higgins,TE,228.75604,ARI
1214824,Kimani Vidal,RB,228.7632,LAC
1326601,Jonathon Brooks,RB,228.7808,CAR
1381164,Sione Vaki,RB,228.802,DET
1182695,Mason Tipton,WR,228.80644,NO
1444140,Tyson Bagent,QB,228.82382,CHI
875444,Adam Trautman,TE,228.8561,DEN
748309,Nick Mullens,QB,228.8929,JAX
976221,Grant Calcaterra,TE,228.90239,PHI
660151,Robert Tonyan,TE,228.90979,KC
1277914,Devontez Walker,WR,228.98686,BAL
1060650,Montrell Washington,WR,229,NYG
822367,Josh Reynolds,WR,229.03595,NYJ
403308,Kirk Cousins,QB,229.0413,ATL
555358,Jimmy Garoppolo,QB,229.05937,LAR
1218658,Darnell Washington,TE,229.0976,PIT
973945,Mac Jones,QB,229.14894,SF
877784,Ty Johnson,RB,229.16138,BUF
1218631,Jermaine Burton,WR,229.18474,CIN
1180625,George Holani,RB,229.1869,SEA
607843,Marcus Mariota,QB,229.21854,WAS
1286179,Terrance Ferguson,TE,229.31714,LAR
976329,Michael Carter,RB,229.3673,ARI
820734,Samaje Perine,RB,229.37666,CIN
1394803,Trevor Etienne,RB,229.38654,CAR
1271609,Isaiah Davis,RB,229.40988,NYJ
1056981,Noah Gray,TE,229.43698,KC
920758,Lil'Jordan Humphrey,WR,229.4717,NYG
911236,Tyler Johnson,WR,229.5238,NYJ
1286438,Gunnar Helm,TE,229.5287,TEN
739424,Austin Hooper,TE,229.55882,NE
923911,Noah Fant,TE,229.58345,CIN
1123521,Tanner McKee,QB,229.5859,PHI
1232592,Michael Mayer,TE,229.60759,LV
1130260,Payne Durham,TE,229.6857,TB
1165333,Dillon Gabriel,QB,229.77644,CLE
1175182,Cade Stover,TE,229.7792,HOU
1287705,Beaux Collins,WR,229.8069,NYG
1218653,Arian Smith,WR,229.8115,NYJ
503184,Taysom Hill,TE,229.8749,NO
865573,Foster Moreau,TE,229.8905,NO
1130242,Luke Schoonmaker,TE,229.89087,DAL
607047,Jacoby Brissett,QB,229.9545,ARI
727279,Demarcus Robinson,WR,230.0672,SF
1176431,Casey Washington,WR,230.08,ATL
1325624,Oronde Gadsden II,TE,230.08798,LAC
1067918,Christian Watson,WR,230.15428,GB
1112338,Joe Milton III,QB,230.2175,DAL
1213386,Brady Cook,QB,230.2388,NYJ
1229074,Parker Washington,WR,230.3517,JAX
1215102,Chimere Dike,WR,230.3718,TEN
1178628,Jamari Thrash,WR,230.386,CLE
1229503,AJ Barner,TE,230.44153,SEA
1173032,Tahj Washington,WR,230.4706,MIA
1228920,Ben Sinnott,TE,230.50655,WAS
1123630,Julian Hill,TE,230.5208,MIA
1060311,Davis Mills,QB,230.5517,HOU
1287655,Thomas Fidone II,TE,230.5904,NYG
1067309,Zavier Scott,RB,230.6316,MIN
1213414,MarShawn Lloyd,RB,230.63496,GB
741262,Joshua Dobbs,QB,230.7183,NE
837806,Will Dissly,TE,230.76006,LAC
1108052,Zach Wilson,QB,230.8714,MIA
1163273,Jordan Whittington,WR,230.88577,LAR
613866,Carson Wentz,QB,230.88588,MIN
1287641,Phil Mafah,RB,230.9706,DAL
1290165,Riley Leonard,QB,231.0988,IND
496083,Derek Carr,QB,231.19344,NO
1161739,Trey Palmer,WR,231.2857,NO
1128085,Greg Dulcich,TE,231.3241,MIA
881779,Josh Oliver,TE,231.4155,MIN
694117,Cooper Rush,QB,231.72058,BAL
1107536,Devin Culp,TE,231.7561,TB
822014,Russell Gage Jr.,WR,232.0357,SF
912070,Michael Gallup,WR,232.0513,WAS
835861,Trent Sherfield Sr.,WR,232.1852,DEN
399579,Tyrod Taylor,QB,232.3846,NYJ
976924,Kenny Pickett,QB,232.6852,LV
1130555,Tommy Tremble,TE,232.7727,CAR
1115394,Tanner Hudson,TE,232.9231,CIN
1213782,Will Howard,QB,233.3103,PIT
865844,Jake Browning,QB,233.35002,CIN
976650,Clyde Edwards-Helaire,RB,233.375,NO
1122596,Jeremy Ruckert,TE,233.6667,NYJ
322858,Andy Dalton,QB,233.7442,CAR
1213486,Johnny Wilson,WR,233.75,PHI
728169,Mitchell Trubisky,QB,234.32115,BUF
1066811,Aidan O'Connell,QB,235.5385,LV
733754,Mike Williams,WR,,LAC
944343,Alexander Mattison,RB,,MIA
1213881,Ja'Lynn Polk,WR,,NE
739799,Gus Edwards,RB,,FA
1116663,Will Levis,QB,,TEN
691055,Nelson Agholor,WR,,FA
1130270,Rondale Moore,WR,,MIN
1213482,Elijhah Badger,WR,,KC
1271323,Marcus Yarns,RB,,NO
1060312,Colby Parkinson,TE,,LAR
1313642,Montrell Johnson Jr.,RB,,PHI
740704,Johnny Mundt,TE,,JAX
1181861,Jacob Cowing,WR,,SF
1229846,Ricky White III,WR,,SEA
1172024,Treylon Burks,WR,,TEN
1176782,Jonathan Mingo,WR,,DAL
1231136,Javon Baker,WR,,NE
832220,Justin Watson,WR,,HOU
742387,Tyler Boyd,WR,,FA
824080,Dalvin Cook,RB,,FA
1164533,Erick All Jr.,TE,,CIN
1128108,Kyle Philips,WR,,LV
1215927,Luke Lachey,TE,,HOU
1225999,Brenden Rice,WR,,LAC
1228925,Deuce Vaughn,RB,,DAL
1172080,Bub Means,WR,,NO
1172746,Isaiah Neyor,WR,,GB
-13000501,Taylor Elgersma,QB,,FA
1287826,Kyle McCord,QB,,PHI
1163134,Baylor Cupp,TE,,BAL
1286521,Kaden Prather,WR,,BUF
1215329,Will Sheppard,WR,,GB
843733,Mitchell Fraboni,TE,,DEN
1163272,Jared Wiley,TE,,KC
943635,Patrick Taylor Jr.,RB,,SF
1131023,Jaylen Johnson,WR,,LAC
836104,Parris Campbell,WR,,DAL
1122182,Dylan Laube,RB,,LV
948705,Rodney Williams,TE,,FA
1121871,Brevin Jordan,TE,,HOU
553024,Tyler Ott,TE,,WAS
1121220,Dante Miller,RB,,NYG
1180328,Ainias Smith,WR,,PHI
922026,Mecole Hardman,WR,,GB
1113477,Derius Davis,WR,,LAC
1286441,Mario Williams,WR,,LAR
1286050,Corey Kiner,RB,,SF
1128527,Jermar Jefferson,RB,,TEN
1061591,Cal Adomitis,TE,,CIN
1128086,Michael Ezeike,TE,,FA
1109758,A.T. Perry,WR,,DEN
1121075,Jordan Travis,QB,,FA
1050335,Pierre Strong Jr.,RB,,CLE
1106846,Michael Woods II,WR,,CLE
1127080,Nikko Remigio,WR,,KC
1068803,Bo Melton,WR,,GB
916467,Harrison Bryant,TE,,HOU
472623,James Winchester,TE,,KC
1059680,Quintin Morris,TE,,JAX
599649,Jamison Crowder,WR,,FA
695311,Jamaal Williams,RB,,FA
1128116,Dorian Thompson-Robinson,QB,,PHI
1405106,Andrew Armstrong,WR,,MIA
1134438,Tanner McLachlan,TE,,CIN
1060671,Tommy DeVito,QB,,NE
1380476,Jacoby Jones,WR,,WAS
1271740,Drew Ogletree,TE,,IND
1232057,Ke'Shawn Williams,WR,,PIT
838396,Jordan Akins,TE,,FA
1231559,Malik Heath,WR,,GB
875523,Kristian Wilkerson,WR,,BUF
1229056,Henry Parrish Jr.,RB,,FA
1113457,Jacob Warren,TE,,FA
733849,Trent Taylor,WR,,SF
1228243,Ja'Quinden Jackson,RB,,JAX
1289471,Mitchell Evans,TE,,CAR
881058,K.J. Osborn,WR,,WAS
1393832,Ryan Flournoy,WR,,DAL
1123496,Simi Fehoko,WR,,ARI
1172050,Kenny McIntosh,RB,,SEA
944038,John Bates,TE,,WAS
1061929,Laviska Shenault Jr.,WR,,BUF
946101,Tony Jones Jr.,RB,,FA
1315586,Tejhaun Palmer,WR,,ARI
1062546,Tylan Wallace,WR,,BAL
552586,MyCole Pruitt,TE,,FA
946748,Kene Nwangwu,RB,,NYJ
921050,Kylen Granson,TE,,PHI
1058648,Charlie Kolar,TE,,BAL
837820,Dante Pettis,WR,,NO
1177970,Xavier Gipson,WR,,NYJ
1107037,Josh Whyle,TE,,GB
1379270,Joseph Scates,WR,,FA
1161190,Kevin Harris,RB,,JAX
839043,D'Ernest Johnson,RB,,BAL
1051781,E.J. Jenkins,TE,,PHI
606799,Zach Wood,TE,,NO
563824,Jerick McKinnon,RB,,FA
1229218,Jalin Conyers,TE,,MIA
1225702,Luke Grimm,WR,,LAC
915397,C.J. Ham,RB,,MIN
1065052,Tay Martin,WR,,WAS
947634,Chris Oladokun,QB,,KC
1286480,Dominic Lovett,WR,,DET
946541,Luke Farrell,TE,,SF
1317265,Antario Brown,RB,,FA
976236,Trey Sermon,RB,,PIT
1182082,Terrell Jennings,RB,,NE
1226343,Rakim Jarrett,WR,,TB
604390,Brandon Allen,QB,,TEN
831007,Easton Stick,QB,,ATL
922092,Jordan Thomas,TE,,FA
949134,Quez Watkins,WR,,ARI
1172969,Dayton Wade,WR,,BAL
1063397,D.J. Montgomery,WR,,IND
912553,Jonathan Ward,RB,,NYG
1108202,Brevyn Spann-Ford,TE,,DAL
1126822,Elijah Collins,RB,,FA
923814,DJ Turner,WR,,FA
1122323,Lucas Krull,TE,,DEN
1137635,Xavier Smith,WR,,LAR
943843,Kenny Yeboah,TE,,DET
1214833,Jabre Barber,WR,,FA
946004,Samson Nacua,WR,,FA
1229489,Tip Reiman,TE,,ARI
881956,Hayden Hurst,TE,,FA
835845,Khari Blasingame,RB,,FA
1060299,Tucker Fisk,TE,,LAC
1224653,Jalen White,RB,,GB
976309,DeeJay Dallas,RB,,CAR
974825,Kadarius Toney,WR,,FA
913163,Tyler Huntley,QB,,BAL
921460,Brandon Johnson,WR,,PIT
933537,J.J. Taylor,RB,,HOU
1216808,Ben Yurosek,TE,,MIN
1058090,Bailey Zappe,QB,,CLE
1060861,Jacob Kibodi,RB,,FA
978120,Brock Wright,TE,,DET
1443401,Mario Anderson Jr.,RB,,FA
1057457,Connor Heyward,TE,,PIT
1130976,Hunter Luepke,RB,,DAL
658389,Patrick Ricard,RB,,BAL
599113,Taylor Heinicke,QB,,LAC
1315563,Bryson Nesbit,TE,,MIN
976804,Ronnie Rivers,RB,,LAR
1506510,Louis Rees-Zammit,WR,,JAX
946094,Chase Claypool,WR,,FA
1162793,Max Duggan,QB,,FA
879277,Ben DiNucci,QB,,ATL
1106854,Jack Plummer,QB,,CAR
1167079,Jeff Foreman,WR,,FA
1180538,Xavier Weaver,WR,,ARI
1225694,Jared Casey,TE,,FA
1462491,JaQuae Jackson,WR,,LAC
1059943,Spencer Brown,RB,,FA
1191979,Mike Strachan,WR,,WAS
741785,Mike White,QB,,BUF
976528,KJ Hamler,WR,,BUF
1164933,Noah Cain,RB,,FA
830751,Daurice Fountain,WR,,FA
1166944,Malik Taylor,WR,,DET
1049905,Alex Armah,RB,,FA
1121074,Marcus Riley,WR,,FA
1231550,Will Rogers,QB,,FA
712506,Mo Alie-Cox,TE,,IND
542871,Blake Bell,TE,,FA
1056660,Austin Trammell,WR,,JAX
1060550,Hunter Long,TE,,JAX
913829,Skylar Thompson,QB,,PIT
1166480,Lew Nichols,RB,,PIT
714230,Dwayne Washington,RB,,FA
1049246,Salvon Ahmed,RB,,IND
911644,Collin Johnson,WR,,LV
835779,Royce Freeman,RB,,FA
922017,La'Mical Perine,RB,,FA
1161816,Ramel Keyton,WR,,TEN
1128295,British Brooks,RB,,HOU
1214042,Maliq Carr,TE,,FA
1108990,Blake Watson,RB,,DEN
456614,Julio Jones,WR,,FA
1217290,Khalan Griffin,RB,,FA
946019,Chris Evans,RB,,FA
1109285,Terrace Marshall,WR,,PHI
1057484,Cody White,WR,,SEA
1214318,Michael Pratt,QB,,TB
507528,Logan Thomas,TE,,FA
1323906,Keleki Latu,TE,,BUF
1172107,Ali Jennings,WR,,FA
1110725,Justyn Ross,WR,,KC
696882,Jacob Hollister,TE,,FA
1067089,Sean Clifford,QB,,GB
1058726,Julian Hicks,WR,,GB
913826,Byron Pringle,WR,,FA
1161887,John Jackson III,WR,,CHI
1229386,Brennan Presley,WR,,LAR
1213478,DeaMonte Trayanum,RB,,FA
554431,Eric Tomlinson,TE,,FA
884601,Equanimeous St. Brown,WR,,SF
1121070,Tyler Harrell,WR,,FA
1166545,Deonte Harty,WR,,FA
1214876,Troy Omeire,WR,,FA
1191983,Tyreik McAllister,WR,,FA
1122035,Daniel Bellinger,TE,,NYG
1173485,Ulysses Bentley IV,RB,,IND
1054175,Elijah Dotson,RB,,ATL
1323751,Grant DuBose,WR,,FA
1163749,Aidan Robbins,RB,,FA
976809,Elijah Cooks,WR,,PHI
1060285,Johnny Johnson III,WR,,HOU
944636,Armani Rogers,TE,,FA
1060276,Daewood Davis,WR,,FA
1180347,David Bell,WR,,CLE
556483,Michael Burton,RB,,DEN
976797,Jordan Mims,RB,,TEN
1382993,Jamaal Pritchett,WR,,NYJ
914308,Jake Funk,RB,,FA
1223301,Jalen Brooks,WR,,DAL
886641,JaMycal Hasty,RB,,NE
820423,Will Grier,QB,,DAL
653699,Michael Thomas,WR,,FA
1215974,Chris Collier,RB,,LV
822013,Leonard Fournette,RB,,FA
1130833,Deven Thompkins,WR,,FA
1166989,Kurtis Rourke,QB,,SF
1118668,Ryan Miller,WR,,TB
1107236,Jacob Sirmon,QB,,FA
943093,Ian Thomas,TE,,LV
820435,Brandon Powell,WR,,FA
1113398,Bryce Oliver,WR,,TEN
467405,Latavius Murray,RB,,FA
300580,Andrew DePaola,TE,,MIN
1108996,Emory Jones,QB,,ATL
1059684,Desmond Ridder,QB,,CIN
694931,Eric Saubert,TE,,SEA
749968,Durham Smythe,TE,,CHI
1399812,David White Jr.,WR,,BUF
1478205,John Jiles,WR,,NE
832900,Chase Edmonds,RB,,FA
976066,Jalen Reagor,WR,,LAC
1213251,Jase McClellan,RB,,TB
914812,Demetric Felton,RB,,WAS
1161798,Eric Gray,RB,,NYG
402162,Patrick Scales,TE,,FA
1172032,KJ Jefferson,QB,,FA
494493,Matt Barkley,QB,,FA
1229133,Rasheen Ali,RB,,BAL
946092,Ian Book,QB,,FA
1214334,Moose Muhammad III,WR,,CAR
919304,Velus Jones Jr.,WR,,NO
884315,Alex Bachman,WR,,LV
593305,C.J. Uzomah,TE,,FA
1178347,Xavier White,WR,,FA
910463,Freddie Swain,WR,,CHI
1127099,JT Daniels,QB,,FA
1049250,Terrell Bynum,WR,,FA
1052316,Bryan Thompson,WR,,FA
1121887,Justin Shorter,TE,,LV
756928,Tarik Cohen,RB,,FA
891229,Davion Davis,WR,,FA
822644,Richie James Jr.,WR,,FA
1214174,Donald Chaney,RB,,FA
1118722,Jason Bean,QB,,IND
1125632,Carter Bradley,QB,,SF
921454,Marquez Callaway,WR,,LV
974492,Kellen Mond,QB,,FA
1510955,Kevin Foelsch,TE,,PIT
1130844,Gerrit Prince,TE,,FA
592538,Jeff Driskel,QB,,LV
1508190,Alex Taylor,WR,,FA
1054203,John Samuel Shenker,TE,,FA
951485,Kawaan Baker,WR,,GB
866149,Josiah Deguara,TE,,ARI
752646,Jamal Agnew,WR,,ATL
919285,Frank Darby,WR,,FA
1168780,Micah Bernard,RB,,NE
1109657,Spencer Petras,QB,,FA
881708,Jesper Horsted,TE,,FA
1179480,Da'Quan Felton,WR,,NYG
749136,Anthony Miller,WR,,BAL
1181288,Payton Thorne,QB,,CIN
1172990,Josh Williams,RB,,TB
1283807,Zach Davidson,TE,,BUF
1056747,Tim Jones,WR,,MIN
1131017,John FitzPatrick,TE,,GB
1109636,Gerry Bohanon,QB,,FA
1056950,Deon Jackson,RB,,DET
1511554,EJ Smith,RB,,FA
1466721,Mason Pline,TE,,NO
1068872,Jake Tonges,TE,,SF
1176792,John Rhys Plumlee,QB,,SEA
1130007,Jalen Jackson,RB,,FA
1131687,Jaxon Janke,WR,,FA
1161865,Nathaniel Peat,RB,,FA
1276671,Jaden Shirden,RB,,FA
1166335,Joshua Simon,TE,,ATL
1126013,Tre'Shaun Harrison,WR,,FA
1120499,Evan Deckers,TE,,TB
934331,Denzel Mims,WR,,FA
836079,Juwann Winfree,WR,,HOU
1468632,Carter Runyon,TE,,LV
1175819,Luke Benson,TE,,FA
1179244,Michael Wiley,RB,,KC
1186307,Treshaun Ward,RB,,FA
910605,Trayveon Williams,RB,,CLE
886392,Jacob Harris,WR,,TB
1107595,Zack Kuntz,TE,,NYJ
1113490,Jack Colletto,RB,,FA
1064955,Brady Russell,TE,,SEA
976243,E.J. Perry,QB,,FA
1128075,Kazmeir Allen,WR,,WAS
1130538,Lawrence Keys III,WR,,FA
1284191,Nate McCrary,RB,,FA
1165652,Kairee Robinson,RB,,FA
851225,Sammis Reyes,TE,,FA
1226008,Brandon Thomas,RB,,FA
882718,Britain Covey,WR,,LAR
1130053,Sam Schnee,WR,,FA
911985,Jack Stoll,TE,,NO
1161856,Austin Jones,RB,,FA
924362,Quintez Cephus,WR,,HOU
1107232,Colson Yankoff,TE,,WAS
1134414,Rory Starkey,WR,,FA
1056438,Jaelon Darden,WR,,FA
975827,Easop Winston Jr.,WR,,FA
1284247,Shane Zylstra,TE,,DET
1109627,Austin Watkins Jr.,WR,,FA
884350,Scotty Washington,TE,,BAL
1176966,Jake Smith,WR,,FA
1218635,Daijun Edwards,RB,,FA
1110686,Kearis Jackson,WR,,FA
1054923,Chris Pierce Jr.,TE,,FA
1068822,Travis Vokolek,TE,,ARI
1313664,Jacolby George,WR,,CAR
1328696,Tyrone Howell,WR,,FA
1232898,Jabari Small,RB,,DET
1108937,Jaret Patterson,RB,,LAC
1049797,Owen Wright,RB,,TB
1122587,Jaelen Gill,WR,,CLE
1213248,Traeshon Holden,WR,,DAL
1231079,Jason Brownlee,WR,,KC
1248782,Silas Bolden,WR,,MIN
507478,Marquise Goodwin,WR,,FA
1060645,Thayer Thomas,WR,,MIN
1446717,Patrick Murtagh,TE,,JAX
824177,Matt Sokol,TE,,BUF
975028,Malik Davis,RB,,DAL
976252,Tre' McKitty,TE,,CLE
838487,Gerald Everett,TE,,FA
1178737,Kyle Ford,WR,,FA
1120347,Chris Blair,WR,,ATL
749681,River Cracraft,WR,,WAS
605325,Jakeem Grant Sr.,WR,,FA
946261,Tanner Conner,TE,,MIA
596417,Phillip Dorsett II,WR,,LV
1325467,Monaray Baldwin,WR,,MIA
1122507,Trent Pennix,RB,,FA
591586,Willie Snead IV,WR,,FA
1132517,Nate Adkins,TE,,DEN
1229765,Jaheim Bell,TE,,NE
1106382,Jeshaun Jones,WR,,MIN
1231681,Jaden Walley,WR,,FA
1252892,Devon Garrison,TE,,FA
877596,Steven Sims,WR,,SEA
1059220,Brandon Smith,WR,,NYJ
1165348,Hank Bachmeier,QB,,FA
608360,Robbie Chosen,WR,,SF
1523471,Tre Stewart,RB,,MIN
1123360,Ty Scott,WR,,FA
1123347,Kobe Lewis,RB,,FA
1049552,Griffin Hebert,WR,,FA
1121845,Deion Smith,RB,,FA
612512,DeAndre Carter,WR,,CLE
867047,Jacques Patrick,RB,,FA
606488,Nick Vannett,TE,,MIN
836347,John Wolford,QB,,JAX
978580,Amari Rodgers,WR,,FA
1163866,Zonovan Knight,RB,,ARI
748554,Laquon Treadwell,WR,,IND
1113487,John Stephens Jr.,TE,,DAL
1112357,Shawn Bowman,TE,,JAX
1313931,Lincoln Sefcik,TE,,FA
1214288,Quinton Cooley,RB,,FA
943189,Trishton Jackson,WR,,ARI
1130213,Ronnie Bell,WR,,DET
1120925,SaRodorick Thompson Jr.,RB,,FA
1215427,Tommy Mellott,QB,,NO
1051232,Hamze El-Zayat,WR,,FA
650974,Nathan Peterman,QB,,FA
1510022,Mike Rigerman,TE,,FA
1164535,Tre Mosley,WR,,FA
1069783,Matt Landers,WR,,TEN
882309,La'Michael Pettway,TE,,FA
691784,C.J. Beathard,QB,,FA
1178557,Joshua Cephus,WR,,JAX
885540,Adam Prentice,RB,,DEN
1130595,Scott Matlock,RB,,LAC
1162606,Austin Stogner,TE,,FA
1214109,Evan Prater,WR,,FA
919462,Jalen Camp,WR,,FA
1068738,Gary Brightwell,RB,,CIN
1140248,Cody Schrader,RB,,LAR
1068199,Braylon Sanders,WR,,WAS
1289220,Zaire Mitchell-Paden,TE,,BAL
1213928,DJ Uiagalelei,QB,,LAC
976428,Anthony McFarland Jr.,RB,,FA
1402136,Rayshon Luke,RB,,FA
1128981,Jashaun Corbin,RB,,ATL
1059585,Princeton Fant,TE,,DAL
1214868,Hudson Card,QB,,FA
143641,Trey Sanders,RB,,FA
1125882,Keaontay Ingram,RB,,KC
1131457,Jacob Saylors,RB,,DET
1161114,Snoop Conner,RB,,FA
1251216,Daniel Jackson,WR,,HOU
1121156,Alec Holler,TE,,FA
1213345,Kendall Milton,RB,,CIN
733744,Wayne Gallman Jr.,RB,,FA
1111498,Reggie Brown,WR,,FA
1057461,Rocky Lombardi,QB,,FA
1123712,James Mitchell,TE,,CAR
1215792,Zach Evans,RB,,NYJ
1214082,Julian Fleming,WR,,FA
606516,Melvin Gordon III,RB,,FA
741447,Tim Boyle,QB,,TEN
1123102,Austin Reed,QB,,CHI
1068165,Shi Smith,WR,,FA
1509961,JJ Laap,WR,,FA
1162601,Trejan Bridges,WR,,FA
1214249,Israel Abanikanda,RB,,GB
1229171,Chandler Morris,QB,,FA
1065138,Peyton Hendershot,TE,,FA
1129513,Malik Knowles,WR,,SF
840691,Rashaad Penny,RB,,FA
877807,Ke'Shawn Vaughn,RB,,SF
1062314,Malik Cunningham,WR,,BAL
879766,John Kelly Jr.,RB,,FA
1049254,Jake Haener,QB,,NO
689689,Pharaoh Brown,TE,,MIA
609496,Allen Robinson II,WR,,FA
842181,Mike Boone,RB,,MIA
1109133,Clayton Tune,QB,,GB
749164,PJ Walker,QB,,FA
1117789,T.J. Luther,WR,,CAR
884567,Jalen Guyton,WR,,FA
1129452,Ben Sims,TE,,GB
1180332,Isaiah Spiller,RB,,FA
823040,Isaiah McKenzie,WR,,FA
1107866,TaMerik Williams,RB,,FA
1163266,Bru McCoy,WR,,FA
924381,Kendric Pryor,WR,,CIN
975387,Isaiah Hodgins,WR,,SF
1120854,Seth Williams,WR,,LV
943841,James Robinson,RB,,FA
1130526,Kevin Austin Jr.,WR,,NO
1214242,Caden Prieskorn,TE,,DEN
820866,Braxton Berrios,WR,,HOU
910380,Kyle Trask,QB,,TB
338280,Case Keenum,QB,,CHI
835443,D'Onta Foreman,RB,,FA
920756,Devin Duvernay,WR,,CHI
837824,Drew Sample,TE,,CIN
880322,Alec Ingold,RB,,MIA
1109731,Blake Whiteheart,TE,,CLE
926280,Dee Eskridge,WR,,MIA
920944,Ben Skowronek,WR,,PIT
883314,Dan Chisena,WR,,CAR
1251513,Cam Grandy,TE,,CIN
591801,Chris Conley,WR,,FA
922040,Charlie Woerner,TE,,ATL
563293,Chris Manhertz,TE,,NYG
1161729,Tyrion Davis-Price,RB,,GB
1121873,Will Mallory,TE,,IND
1161664,Davis Allen,TE,,LAR
922484,Travis Homer,RB,,CHI
1215308,Mason Kinsey,WR,,TEN
1051044,Aaron Shampklin,RB,,MIA
1068724,Raheem Blackshear,RB,,CAR
1167484,Jody Fortson,TE,,FA
1131206,Dallin Holker,TE,,NO
1161661,Anthony Gould,WR,,IND
1059221,Ihmir Smith-Marsette,WR,,NYG
865895,Myles Gaskin,RB,,BAL
1123525,Brycen Tremayne,WR,,CAR
1176432,Isaiah Williams,WR,,CIN
1124199,David Martin-Robinson,TE,,TEN
728021,Geoff Swaim,TE,,FA
910377,Feleipe Franks,TE,,ATL
1214112,Tyler Scott,WR,,CHI
273278,Josh Johnson,QB,,WAS
752665,Ross Dwelley,TE,,SF
214197,Marcedes Lewis,TE,,FA
878371,Joshua Kelley,RB,,FA
915030,Darrynton Evans,RB,,BUF
915066,Reggie Gilliam,RB,,BUF
975829,Sam Ehlinger,QB,,DEN
866216,Brett Rypien,QB,,CIN
911619,Shane Buechele,QB,,BUF
1161818,Kedon Slovis,QB,,ARI
1131204,Jaren Hall,QB,,FA
975816,Jake Fromm,QB,,FA
1109711,Sam Hartman,QB,,WAS
1107584,Adrian Martinez,QB,,SF
546184,Trevor Siemian,QB,,TEN
895714,Luis Perez,QB,,FA
836164,Trace McSorley,QB,,FA
732107,Logan Woodside,QB,,PIT
1052860,Dresser Winn,QB,,LAR
696112,Nate Sudfeld,QB,,SF
821950,Jake Luton,QB,,FA
1107298,Zack Annexstad,QB,,FA
1122502,Devin Leary,QB,,BAL
1125607,Tanner Mordecai,QB,,SF
1228727,Donovan Smith,QB,,FA
1164951,Graham Mertz,QB,,HOU
1287980,Seth Henigan,QB,,JAX
1164137,Jawhar Jordan,RB,,HOU
1062845,Xazavian Valladay,RB,,MIN
1222147,Emani Bailey,RB,,CAR
1214921,Ellis Merriweather,RB,,FA
1128998,Deneric Prince,RB,,NE
1231663,Dillon Johnson,RB,,FA
1069366,Zander Horvath,RB,,FA
911027,Gerrid Doaks,RB,,FA
750097,Matt Breida,RB,,FA
1106992,Lorenzo Lingard,RB,,FA
976450,Mohamed Ibrahim,RB,,FA
1121069,Hassan Hall,RB,,FA
976305,Robert Burns,RB,,FA
1317230,Roman Hemby,RB,,FA
1244207,Jalen Berger,RB,,FA
1226345,Peny Boone,RB,,FA
1225059,Marcus Carroll,RB,,FA
1233292,Nate Noel,RB,,IND
1125599,Drake Stoops,WR,,LAR
1056392,Lance McCutcheon,WR,,PIT
865838,Andre Baccellia,WR,,ARI
1058076,Dennis Houston,WR,,TB
1228586,Danny Gray,WR,,PHI
1131214,Dax Milne,WR,,FA
1128305,Antoine Green,WR,,FA
962484,Ethan Fernea,WR,,FA
602241,DeVante Parker,WR,,FA
867754,Deon Cain,WR,,BUF
1136402,Sam Wiglusz,WR,,FA
1214316,Duece Watts,WR,,FA
1173128,Jalon Calhoun,WR,,FA
1123086,Je'Quan Burton,WR,,FA
1131686,Jadon Janke,WR,,GB
1055267,Kyric McGowan,WR,,FA
1054872,Isaiah Winstead,WR,,FA
976658,Racey McMath,WR,,FA
1067478,Jalen Wayne,WR,,FA
1184077,Shaquan Davis,WR,,FA
1446480,Keilahn Harris,WR,,FA
1109989,Jaray Jenkins,WR,,FA
1120135,Cam Johnson,WR,,FA
1510021,DeAngelo Hardy,WR,,FA
912319,Mathew Sexton,WR,,FA
911710,Austin Mack,WR,,FA
835437,James Washington,WR,,FA
1392077,Brevin Easton,WR,,FA
1107867,Sean Ryan,WR,,FA
1121827,Daniel Arias,WR,,FA
882776,Hakeem Butler,WR,,FA
886740,Deontay Burnett,WR,,FA
1122985,Jacob Copeland,WR,,FA
741292,Greg Ward,WR,,FA
922011,Tyrie Cleveland,WR,,FA
1168960,Ayir Asante,WR,,FA
1129496,Phillip Brooks,WR,,FA
1075002,Daylen Baldwin,WR,,FA
1058681,Justin Hall,WR,,FA
1186796,Isaiah Wooden,WR,,FA
1161677,Joseph Ngata,WR,,FA
1218651,Marcus Rosemy-Jacksaint,WR,,FA
830686,Malik Turner,WR,,SF
746244,Keith Kirkwood,WR,,BAL
1174184,Hayden Hatten,WR,,FA
878911,Andy Isabella,WR,,SF
1052852,Colton Dowell,WR,,TEN
1231735,Tulu Griffin,WR,,GB
1181659,Cornelius Johnson,WR,,GB
920482,Michael Bandy,WR,,DEN
1161426,Makai Polk,WR,,ATL
1132122,Jesse Matthews,WR,,ATL
1108534,Dylan Drummond,WR,,ATL
1114364,Shedrick Jackson,WR,,LV
1168410,Gunner Olszewski,WR,,NYG
920809,Kelvin Harmon,WR,,DAL
920560,Samori Toure,WR,,CHI
828656,Nsimba Webster,WR,,FA
1050230,Tarik Black,WR,,MIA
1129405,Anthony Schwartz,WR,,FA
838415,Tre'Quan Smith,WR,,FA
1176218,Tayvion Robinson,WR,,FA
1125555,Chase Cota,WR,,CLE
1178689,Isaiah Washington,WR,,FA
1118734,David Durden,WR,,FA
830084,Keelan Doss,WR,,FA
1215789,Juice Wells Jr.,WR,,NYG
1327421,Roc Taylor,WR,,PIT
1215044,Kobe Hudson,WR,,CAR
1162602,Theo Wease Jr.,WR,,MIA
1178561,De'Corian Clark,WR,,FA
1170921,Josh Kelly,WR,,DAL
1181656,Giles Jackson,WR,,PHI
1178564,Zakhari Franklin,WR,,LV
1326603,Dorian Singer,WR,,JAX
1161687,Frank Ladson Jr.,WR,,FA
1120490,Sam Pinckney,WR,,FA
1214294,Jahmal Banks,WR,,BAL
1248720,Joey Hobert,WR,,FA
911020,Sean McKeon,TE,,IND
1284057,Bernhard Seikovits,TE,,FA
976973,Dalton Keene,TE,,HOU
1060890,Tanner Taula,TE,,TB
1125739,Cameron Latu,TE,,PHI
882436,Michael Jacobson,TE,,NO
1172752,Treyton Welch,TE,,NO
976393,Dominique Dafney,TE,,CAR
880123,Lawrence Cager,TE,,WAS
881048,Tyree Jackson,TE,,WAS
1122692,Cole Turner,TE,,WAS
1180363,Neal Johnson,TE,,NYJ
919456,Trevon Wesco,TE,,FA
1120247,Izaiah Gathings,TE,,FA
1131681,Zach Heins,TE,,FA
883079,Zach Gentry,TE,,FA
913155,Cole Fotheringham,TE,,NE
838318,Chris Myarick,TE,,MIA
913368,Miller Forristall,TE,,FA
836094,Tommy Sweeney,TE,,FA
885029,Noah Togiai,TE,,FA
1178413,Isaac Rex,TE,,FA
1176936,Mason Fairchild,TE,,FA
875649,Donald Parham Jr.,TE,,PIT
1050233,Ben Mason,TE,,FA
1161082,Trey Knox,TE,,FA
1115470,Johnny Lumpkin,TE,,GB
1124355,Messiah Swinson,TE,,GB
866174,Tyler Davis,TE,,FA
1107326,Thomas Yassmin,TE,,LAC
1127066,McCallan Castles,TE,,LAR
885940,Giovanni Ricci,TE,,MIN
1122847,Jordan Murray,TE,,CHI
1123364,Joel Wilson,TE,,CHI
881697,Stephen Carlson,TE,,CHI
1180294,Hayden Rucci,TE,,MIA
977636,Sage Surratt,TE,,FA
912698,Josh Pederson,TE,,FA
974631,Curtis Hodges,TE,,FA
840531,Kevin Rader,TE,,FA
1123999,Blake Watson,TE,,FA
1108004,Brant Kuithe,TE,,FA
1287639,Jake Briningstool,TE,,KC
1182649,Jackson Hawes,TE,,BUF
1286173,Moliki Matavao,TE,,NO
1287258,Gavin Bartholomew,TE,,MIN
1223744,Rivaldo Fairweather,TE,,DAL
1214088,Gee Scott Jr.,TE,,NE
1173266,Evan Hull,RB,,PIT
1079304,Troy Hairston,RB,,CLE
1161897,D.J. Williams,RB,,TB
824428,Andrew Beck,RB,,NYJ
944379,Avery Williams,RB,,PHI
1172173,Keilan Robinson,RB,,PHI
658447,Zach Pascal,WR,,NYG
912596,Jalen Virgil,WR,,BUF
1176733,Jared Wayne,WR,,HOU
1386002,Kaden Davis,WR,,CLE
1384869,Dareke Young,WR,,SEA
837087,Tom Kennedy,WR,,DET
606551,Chris Moore,WR,,WAS
883312,Irvin Charles,WR,,NYJ
652520,Alex Erickson,WR,,FA
923834,Dez Fitzpatrick,WR,,LAC
1120937,Bryce Ford-Wheaton,WR,,NYG
1170916,Jalen Cropper,WR,,DAL
886243,Maurice Alexander,WR,,CHI
1120915,Erik Ezukanma,WR,,JAX
944428,Irv Smith Jr.,TE,,HOU
1128538,Teagan Quitoriano,TE,,ATL
1113381,Brenden Bates,TE,,CLE
911239,Ko Kieft,TE,,TB
767297,Anthony Firkser,TE,,FA
1049792,Nick Muse,TE,,PHI
555648,Jordan Matthews,TE,,FA
910808,Stephen Sullivan,TE,,FA
885394,Mitchell Wilcox,TE,,FA
846264,Parker Hesse,TE,,FA
820601,Jakob Johnson,TE,,HOU
1108526,Thomas Odukoya,TE,,TEN
1166045,Nikola Kalinic,TE,,ATL
1125589,Brayden Willis,TE,,SF
1121863,Jack Westover,TE,,NE
1169424,Jha'Quan Jackson,WR,,TEN
912061,Cedrick Wilson Jr.,WR,,NO
747906,John Ross III,WR,,FA
877913,James Proche II,WR,,TEN
910766,Anthony Brown Jr.,QB,,FA
866112,Stanley Morgan Jr.,WR,,FA
866973,David Sills V,WR,,ATL
920077,Albert Okwuegbunam Jr.,TE,,LV
1287588,CJ Dippre,TE,,NE
1057725,Carlos Washington Jr.,RB,,ATL
884943,Trenton Irwin,WR,,JAX
477386,Jack Doyle,TE,,FA
880146,Nyheim Miller-Hines,RB,,LAC
1177742,Dylan Leonard,TE,,FA
589991,Jarvis Landry,WR,,FA
884553,Miles Boykin,WR,,CHI
1050234,Donovan Peoples-Jones,WR,,NO
1062033,Charleston Rambo,WR,,FA
913546,Cornell Powell,WR,,HOU
1071823,Josh Ali,WR,,FA
910431,N'Keal Harry,TE,,FA
833514,Cody Thompson,WR,,FA
884044,Derrick Gore,RB,,FA
604908,Damiere Byrd,WR,,FA
749635,Boston Scott,RB,,FA
924018,Kaden Smith,TE,,FA
380960,Ryan Tannehill,QB,,FA
463393,Blaine Gabbert,QB,,FA
1412326,Kameron Johnson,WR,,TB
1108842,Andrew Peasley,QB,,FA
1130621,Chevan Cordeiro,QB,,FA
1478251,Peewee Jarrett,QB,,FA
1127050,Colby Suits,QB,,FA
1106973,Ben Bryant,QB,,FA
1110873,Casey Bauman,QB,,FA
1125063,John Paddock,QB,,FA
1168733,Grant Gunnell,QB,,FA
1400553,Kevin Jennings,QB,,FA
1213897,Garrett Greene,QB,,TB
1176439,Collin Schlee,QB,,FA
1171109,Grayson McCall,QB,,FA
1107008,Ricky Person Jr.,RB,,FA
823811,Nick Bawden,RB,,FA
1127107,Markese Stepp,RB,,FA
1125087,Jarveon Howard,RB,,FA
1213909,Demarkcus Bowman,RB,,FA
1163998,Jam Griffin,RB,,FA
1213794,Seth McGowan,RB,,FA
1214023,Sevion Morrison,RB,,FA
1161730,John Emery Jr.,RB,,FA
1174735,Marcus Major Jr.,RB,,BAL
1213908,Ajou Ajou,WR,,IND
1136395,Xavier Johnson,WR,,HOU
1115902,Tanner Knue,WR,,FA
1179618,Jaaron Hayek,WR,,KC
1510975,Cole Burgess,WR,,CIN
1058767,Ontaria Wilson,WR,,NYJ
602091,Martavis Bryant,WR,,FA
1513992,David Wallis,WR,,FA
1121846,Dimitri Stanley,WR,,FA
1051985,Mike Harley Jr.,WR,,FA
1163988,Ahmarean Brown,WR,,FA
910805,Marcus Simms,WR,,FA
1408823,Jelani Baker,WR,,FA
1443386,Leon Johnson,WR,,FA
935156,Kwamie Lassiter II,WR,,FA
865567,Tyron Billy-Johnson,WR,,FA
976657,Jontre Kirklin,WR,,FA
1514233,Derek Slywka,WR,,FA
1509800,Kyle Sheets,WR,,FA
1185140,OJ Hiliare,WR,,FA
1180368,Peter LeBlanc,WR,,FA
1178073,Lincoln Victor,WR,,FA
1509833,Wayne Ruby,WR,,FA
1167009,Corey Crooms Jr.,WR,,FA
1214220,Cole Burgess,WR,,FA
1323916,J.Michael Sturdivant,WR,,FA
1129719,Talik Keaton,WR,,FA
1227767,Sam Brown Jr.,WR,,GB
1243088,Xzavier Henderson,WR,,FA
1229370,Rashod Owens,WR,,CIN
1172039,Dominick Blaylock,WR,,FA
1214733,Corey Rucker,WR,,FA
1232572,Chris Tyree,WR,,NO
1130004,Qadir Ismail,TE,,NYG
1122649,Henry Pearson,TE,,FA
910567,Hunter Kampmoyer,TE,,FA
1149190,Riley Sharp,TE,,FA
1118329,Steven Stilianos,TE,,DET
1124626,Geor'Quarius Spivey,TE,,KC
1133151,Marshel Martin IV,TE,,FA
1285958,Robbie Ouzts,TE,,SEA
1223042,Stevo Klotz,TE,,LAC
1242787,Cam Miller,QB,,LV
1231431,Caleb Lohner,TE,,DEN
1326964,Junior Bergen,WR,,SF
1222139,Dontae Fleming,WR,,MIN
1225057,Robert Lewis,WR,,MIN
1232249,Colin Granger,TE,,FA
1581232,Jordan Petaia,TE,,LAC
1277932,Joaquin Davis,WR,,DEN
1169263,Chandler Brayboy,WR,,JAX
1270617,JJ Galbreath,TE,,PIT
1171816,Connor Bazelak,QB,,TB
